Artikelid,Varnummer
1000080,77747
1000083,75639
1000178,77857
1002712,71245
1003352,77011
1003771,77591
1004436,72492
1004483,72896
1004489,6420
1004547,2332
1004847,77659
1005524,74960
1006260,5569
1006280,5569
1006372,3065
1007535,75998
1007578,5514
1007992,73225
1007995,77680
1008008,70808
1008017,77758
1008038,77964
1008041,72676
1008050,77671
1008061,75707
1008421,77509
1008921,79322
1009158,77352
1009797,76420
1010726,75491
1010813,75613
1011573,2771
1011618,74983
1011715,74466
1011718,77062
1012612,77684
1013215,74325
1013551,2008
1013561,7912
1014029,77989
1014080,77647
1014086,77653
1014089,77879
1014285,2549
1014330,6323
1014342,6328
1014357,77955
1014360,77019
1014609,77244
1015215,77629
1016917,77667
1016923,77462
1016976,75973
1017303,75978
1017321,77586
1017561,75799
1017737,77791
1018386,77773
1018389,77553
1018402,77552
1018418,77565
1018680,7879
1018906,72777
1018968,77119
1018971,77610
1018980,77108
1018995,77559
1019008,77669
1019014,77670
1019737,6287
1019806,6418
1019818,6217
1019846,6562
1020256,77264
1020292,77980
1020801,76598
1021015,2246
1022557,77915
1022772,77394
1023026,76764
1023035,2740
1023178,91190
1023308,2759
1023322,5585
1023335,77589
1023397,75949
1023468,79438
1023667,5006
1024013,2521
1024390,74259
1024940,77339
1025019,77916
1025059,76262
1025931,2361
1026147,75144
1026150,90618
1026925,79125
1026935,77220
1027087,77243
1027093,77418
1027299,76279
1027386,77833
1027419,77966
10285596,77384
10285598,72809
10285601,78113
1028718,75360
1028733,75191
1028743,74052
10287508,77155
1028756,7487
1028764,77276
1028767,77501
1028916,77693
1029057,77734
1029147,77769
1029378,77456
1029426,77741
1029837,77741
1029924,79010
1030031,79118
1030053,77109
1030056,77511
1030391,72456
1030647,77112
1030892,2553
1030948,77068
1030975,77402
1031188,92130
1031200,92137
1031578,77802
1031649,77644
1032209,2122
1032221,7611
1032255,75248
1032267,75950
1032277,75097
1032290,5613
1032302,2288
1032854,76698
1033059,71416
10331,12670
1033354,79119
1033372,76227
1033384,2298
1033390,76928
1033572,75912
1034329,72549
1034537,77620
1034975,77962
1034981,99281
10362316,72357
10362317,75006
1037961,76567
1037974,72782
10389,6463
1039754,70196
1039847,77181
1039871,71102
1039888,70510
1040104,70210
1040279,77865
1040311,71966
1040440,77453
1040731,70955
1040744,70834
1040763,7723
1040770,75586
1040773,75131
1040801,76308
1041802,77141
1041814,78357
1041961,77780
1044533,77799
1044609,99845
1044681,92219
1045257,77957
1045598,77874
1046035,6588
10475,16510
10480,7545
1051675,96072
1051799,12120
1052712,77657
1052940,71103
10534,7628
1053516,77239
1053562,77239
1053569,77239
1053853,6238
1053859,6716
1053868,6726
1053881,6486
1054316,76100
1054326,6347
1054663,6611
1054701,77882
1054722,77746
1055022,76060
1055042,70765
1055418,77282
1055883,77918
1055969,77495
1056259,77608
1056337,4221
1056567,78194
1057062,95147
1057188,72152
1057670,2939
1058518,7613
1058538,2725
1058541,7615
1058555,6296
1058598,2822
1060004,2366
1060034,2127
1060062,2004
1060233,90553
1061366,2031
1062053,77132
1062276,4993
1062286,73988
1062289,73570
1062298,4995
1062301,75208
1062317,4992
1062719,75543
1062946,77849
1062960,77950
1063140,77881
1063374,76409
1063465,76467
1063900,77954
1064867,2168
1064965,2347
1065089,78627
1065313,77880
1065325,2433
1065587,87661
1065647,7405
1067742,76557
1067804,2372
1067972,77353
1067994,77618
1068446,77973
1068569,2772
1068838,2200
1069056,77338
1069865,2104
10703,5914
1070989,72992
1071567,77254
1072093,77046
1072381,2931
1072476,2184
1072489,5823
1073229,77533
1073563,74298
1073932,77230
1074274,73268
1075210,77432
1075231,77755
1075270,76492
1075817,5551
1075965,74993
1076174,71931
1077182,73018
1077772,90247
1077974,77614
1078270,90591
1078438,99309
1080475,77790
1080947,77082
1081033,77184
1082241,5487
1082257,77034
1082261,77425
1082647,95326
1082668,90661
1083301,75512
1083364,71348
1083507,72638
1083554,74578
1083609,73297
1084111,4638
1084127,4639
1084159,2140
1084439,2169
1084492,7870
1084505,7870
1084511,2519
1084520,6455
1084529,6242
1084544,75947
1084609,2699
1085059,76791
1085139,71785
1085458,76485
1085479,77584
1085720,4641
1085753,76052
1085949,31050
1085986,77856
1086158,78006
1086532,77839
1087628,77834
1087665,77806
1088019,76194
1088576,2339
1089633,91110
1089809,2501
1089929,2761
10900,12419
1090023,91262
1090094,77301
1090499,77117
1090586,3211
1090828,2368
1090831,76831
1090838,2399
1090878,77716
1091167,2334
1091509,77307
1091512,77753
1091957,3601
1091981,77549
1092015,79508
1092091,7898
1092101,3626
1092234,79926
1092246,7898
1092268,77801
1092316,77801
1092369,77870
1092471,2228
1092525,77207
1092854,7520
1092935,7520
1093002,72413
1093480,76866
1093538,1002
1093569,77814
1093582,77844
1093652,2435
1093782,2437
1093841,77375
1094358,2973
1094377,5913
1094380,2791
1094395,2793
1094460,76477
1094701,5488
1095362,31141
1095404,2794
1095442,2974
1096083,77720
1096096,77592
1096303,77376
1096362,77379
1096368,74435
1096371,77028
1096706,91139
1096865,71784
1096890,77029
1096900,91330
1096908,2797
1097099,77637
1097102,77568
1097105,77570
1097108,2163
1097111,77621
1097475,73241
1097725,77762
1098144,76738
1098168,2441
1098196,2442
1098347,73245
1098436,77778
1098538,7749
1098557,77455
1098693,2444
1099126,78294
1099352,6590
1099897,6299
1099900,6360
1099922,75964
1100026,73090
1101069,6360
1101216,79195
1101580,76236
1101737,78943
1101936,74912
1101949,76580
11022,7748
1102248,99217
1103225,77267
1103241,70190
1103308,5489
1103645,91819
1103908,75696
1103925,92021
1103960,2174
1104006,97010
1104949,71802
1104974,77674
1104993,71850
1105020,72418
1105212,77256
1105218,77601
1105253,6430
1105392,2017
1105697,74604
1105715,99509
1105721,99570
1105746,95538
1106133,6437
1106169,6011
1106176,6203
1106179,6816
1106210,74687
1106272,6015
1106358,6015
11070,12357
1107150,7788
1107262,77672
1108223,2804
1108447,77327
1108759,77075
1108812,74115
1108944,74190
1108950,2315
1109017,74365
1110144,77612
1110150,77018
1110872,2143
1110894,78055
1112649,6874
1112749,2558
1112759,2445
1112977,3635
1113167,77536
1113385,6904
1113656,74255
1114416,77197
1114427,77686
1114943,72291
1116029,79000
1116043,77404
1116183,76535
1116328,74080
1116575,79061
1116578,2819
1116588,7913
1116610,90671
1116899,91264
1116930,2044
1117036,77886
1117048,7914
1117053,2376
1117069,92072
1117355,79208
1117399,2383
1117462,8377
1117572,2336
1117878,79116
11183,87511
1118770,78247
1119183,79898
1119218,78774
1119241,78290
1119676,77936
1120081,76913
1120446,71355
1120495,75626
1120544,79139
1120555,76384
1120821,77358
1121098,79327
1121142,92144
1121148,78375
1121456,90011
1121509,75722
1121565,77386
1122093,78377
1122244,75382
1122615,31202
1122838,7891
1123201,77180
1123900,90205
1124591,92175
1124859,76947
1125441,71805
11255,12363
1125629,78614
1125846,99010
11261,12366
1127097,90005
1127316,77142
1127535,78227
1127586,72032
1127640,77524
1128092,87338
1129062,2601
1129461,70083
11305,12697
1131088,90458
1131456,78435
1131538,91152
1131678,76593
1131712,78511
1131882,92227
11321,12601
1132924,2852
1132978,3071
1132990,7731
1132993,70762
1133049,2334
1133052,79561
1133085,92254
1133115,92260
1133234,92267
1133312,77544
1133430,78825
1133449,77702
1133479,3134
1133482,72704
1133513,3104
1133777,78826
1133953,77525
1134291,2550
1134910,77033
1134939,2766
1135204,77354
1135241,7755
1135680,99134
1136110,72936
1136117,92298
1136130,70776
1136491,92323
1137312,77401
1137323,75821
1137340,77756
1137343,77664
1137448,77930
1137451,77944
1137485,77281
1137495,77888
1137661,77468
1137748,77469
1137765,77470
1139645,75244
1139660,92361
1140070,4642
1140517,75901
1141597,77475
1141655,77819
1141869,4643
1141900,4643
1142003,4645
1142235,77923
1142252,77924
1142255,99168
1142442,99270
1142548,30203
1142990,71993
1143367,94012
1143411,31360
1143507,71635
1143533,74586
1143609,70896
1143612,76364
1143642,72869
1143715,75300
1144224,99490
1144230,99514
1144313,73546
1144530,99593
1144533,77116
1144875,77635
1144940,70008
1144943,77812
1145203,15001
1145504,74621
1145660,79479
1145703,77280
1145739,77890
1146497,76200
1146943,90337
1146946,99476
1147246,2514
1147358,2515
1147421,2516
1147430,2529
1147515,92263
1148307,99699
1148559,77366
1149864,95783
1149888,99163
1150007,77543
1150398,99718
1150404,99831
1151624,77463
1151833,77594
1152052,2602
1152390,73242
1154319,78353
1154386,79342
1154389,77937
1154437,79527
1154443,79153
1154547,73661
1154604,76781
1154711,76820
1154807,92506
1155238,78287
1155334,75986
1155365,76822
1155536,78312
1155817,99537
1155838,99885
1155847,79533
1155983,6785
1155988,99195
1156067,79833
1156159,78732
1156162,2047
1156174,6021
1156192,7760
1156198,6576
1156213,70725
1156216,99796
1156219,79636
1156540,90587
1156553,6289
1156556,90602
1156573,95188
1157422,2080
1157649,7749
1157736,79298
1157745,77898
1157774,77097
1157807,76365
1157845,92182
1157871,92185
1157921,75635
1158212,6894
1158277,7915
1158304,6286
1158371,71465
1158374,6352
1158682,2234
1158926,2719
1159016,2930
1159142,99101
1159145,2213
1159292,31468
1159579,76092
1159718,95345
1159767,94234
1159978,2451
1160182,78277
1160188,78624
1160470,78050
1160776,2722
1160888,76221
1160911,2388
1160923,92000
1161093,5619
1161099,77461
1161108,91116
1161114,98019
1161169,5491
1161208,2530
11613,12385
1161490,7916
1161495,77585
1161511,3156
1161560,2374
1161634,78225
11617,16632
1161912,76532
1161949,7917
1162022,7918
1162163,78659
1162180,79792
1162657,76877
1162808,2911
1162817,72290
1162842,78558
1163258,73547
1163685,77504
1163710,74192
1163714,95595
1163839,77698
1163851,77699
1164456,75978
1164584,77723
1164713,79029
1164881,77701
1164905,79276
1165048,76935
1165227,76309
1165298,73434
1165304,77257
1165322,76451
1165647,71783
1166087,78184
1166093,78322
1166111,78121
1166114,78441
1166120,78228
1166137,78348
1166143,78230
1166165,95200
1166465,76428
1166516,76997
1166581,72380
1167994,77334
1168069,71300
1168377,77382
1168407,76921
1168413,78001
1168446,78872
1168449,76315
1168752,73738
1169246,79090
1169511,71207
1169560,78792
1169918,97016
1170124,78823
1170140,78912
1170143,78239
1170173,99035
1170197,74708
1170469,71438
1170472,74307
1170512,78579
1170777,90157
1171197,95585
1171266,74487
1171322,74890
1172254,73619
1172675,77990
1173555,79097
1173592,77990
11739,7549
11740,7549
1174382,78793
1174388,78045
1174394,79852
1174403,79107
1175200,72181
1175617,77350
1175718,77173
1175764,78308
1176963,73618
1177201,4646
1177291,6833
1177664,2205
1177667,6571
1177709,72218
1179160,70286
1180287,70268
1180550,78557
1181127,72767
1181982,79573
1182261,73126
1182414,72920
1182469,2094
1182721,70962
1182724,2807
1182827,71441
1182857,75739
1183205,77479
1183407,77569
1183419,75102
1183487,95038
1183568,4108
1183574,78440
1183645,6868
1183662,2206
1183780,72600
1183943,72366
1184011,71237
1184118,77245
1184215,71538
1184272,2166
1184278,74504
1184281,73115
1184287,77978
1184310,79455
1184596,72848
1184616,99136
1184626,76811
1184656,76417
1185084,2377
1185157,74062
1185541,77725
1185595,77341
1185763,99064
1185766,90412
1185848,90444
1185941,90451
1186418,90230
1186421,77830
1186433,5355
1186436,75161
1186439,75771
1186442,90475
1186445,90481
1186448,4996
1186451,5492
1186461,5799
1186865,77841
1186871,77843
1186908,77464
1186917,72567
1187183,77847
1187369,77847
1187420,77222
1187609,74665
1188182,77848
1188202,77850
1188311,2261
1188314,90612
1188402,70869
1188470,75388
1188732,77851
1188755,76463
1188840,77952
1188893,73992
1188899,77953
1188929,91182
1189126,99052
1189160,99322
1189163,5493
1189233,7919
1189345,12501
1189348,2084
1189732,2531
1189744,90454
1189771,98026
1189791,77987
1190065,78977
1190157,6017
1190179,71105
1190213,99114
1190254,2177
1190509,97001
1190515,99407
1190715,99211
1190786,95071
1190829,95091
1190835,99305
1191011,97003
1191095,76028
1191133,73566
1191149,99374
1191236,99406
1191378,77681
1191437,78401
1191627,70131
1191887,6711
1192039,92084
1192054,99592
1192088,93011
1192094,96018
1192106,92166
1192133,79872
1192139,79253
1192142,79480
1192151,73680
1192329,77313
1192695,78583
1192726,79797
1192837,79033
1192993,4325
1193029,2380
1193048,77403
1193141,2307
1193175,73611
1193226,2303
1193304,76710
1193321,73334
1193358,79878
1193413,75943
1194102,79832
1194998,77043
1195001,72389
1195053,78299
1195089,76700
1195383,70518
1196425,77075
1196458,77110
1196473,75854
1196637,6013
1196727,2306
1196781,90615
1196805,5494
1196811,2712
1196814,2875
1196856,3509
1197104,91333
1197231,92024
1197282,79656
1197306,92246
1197356,99232
1197470,78596
1197513,99601
1198140,92375
1198143,92376
1198146,75285
1198335,92381
1198365,76816
1198460,95125
1198940,77945
1198955,76686
1199138,92389
1199356,77407
1199374,99296
1199380,78700
1199386,99298
1199389,2801
1199400,99577
1199406,92394
1199412,92404
1199415,2801
1199421,76344
1199430,76239
1199454,99668
1199460,92394
1199472,99683
1199552,76754
1199655,70040
1199713,92413
1199808,92418
1199827,92420
1200247,2289
1200265,7920
1200461,77587
1200485,99773
1200488,92431
1200491,76602
1200500,92434
1200503,99779
1200509,92435
1200512,99804
1200521,92437
1200524,95028
1200655,70369
1200662,92440
1200677,95273
1200687,92441
1200932,92445
1200969,71398
1200975,99876
1201459,99931
1201496,99937
1201527,99940
1201530,99473
1201550,99573
1201573,99575
1201622,99751
1201646,77268
1201694,99843
1201704,99865
1201713,74476
1201762,99980
1201816,99066
1202166,99684
1202205,99783
1202208,99981
1202220,99356
1202223,75608
1202649,78594
1202662,76324
1202712,31692
1202735,95708
1203084,90268
1203892,77044
1203997,83295
1204328,76636
1204329,74300
1204330,76614
1204331,77012
1204332,73077
1204333,72750
1204345,77946
1204346,72272
1204347,74888
1204869,78995
1204871,77073
1205124,4950
1205196,73507
1205199,77306
1205380,77704
1205383,77389
1205389,77210
1205402,70360
1206795,95544
1210992,98012
1211081,98013
1216709,77424
1216714,74189
12231,7418
12237,7706
1225808,73066
1225809,70589
12282,4087
12283,4087
1232604,73415
1232605,71744
1233182,77286
1233187,78620
1233190,75294
1233195,73322
12483,12615
12582,22310
12602,16554
12658,12520
12730,12169
13336,22652
13359,12920
13473,12808
13541,22350
13548,6792
1360,2037
13725,7424
13726,7418
1388,2066
1398,2075
1399,2075
1401,2077
14024,12670
14025,2780
14144,7649
1419435,78300
1419686,95514
1419723,94811
1420038,94109
1420102,99744
1420145,77486
1420147,76151
1420161,91208
1421659,93101
1432,2106
1433,2106
14540,12755
14663,22800
1469994,6450
1470158,6450
1470222,2350
1470227,6731
1470324,73901
1470325,77332
1470326,77994
1470327,72411
14719,7469
14797,16320
14818,2686
1483,2160
14850,5582
14872,12244
1495,2173
1499,2176
1501951,76060
1509,2187
15158,4160
1517298,90107
1517336,97311
1517384,98807
1517435,96908
15203,5587
15204,5588
15214,7686
15247,7602
15267,16676
15306,87429
15310,3958
15359,7564
15367,4184
15469,2344
15535,12797
15536,12798
15601,12347
15603,12378
15671,6001
1576,2245
1578155,96670
15818,22662
162237,80972
1624,2300
1630,2305
163432,12366
1636,2310
1637,2310
1641626,97765
1642034,94330
1642042,97569
1642059,96881
1642060,98681
1642077,93857
1642082,95621
1642086,78924
164269,2060
164272,2010
16434,7422
1643564,95978
1643582,96263
1643597,96351
16456,7319
16465,12284
164670,2775
16471,6045
164943,2773
165264,2705
165297,2727
165487,2430
165557,81173
16594,16434
166098,2799
166504,12363
166635,7332
16666,5595
166663,7867
16852,4115
16864,2345
1687391,96373
1687792,94287
1687842,90978
1687846,99905
1687882,93745
1687883,94890
1687893,92933
16887,7530
16899,22674
16909,6369
169457,81914
1702491,99964
1702496,91008
1702787,93127
1702831,91631
1702833,98787
1702846,93830
1702851,99623
1702852,92932
1702854,99433
1702888,99442
1702902,74657
1702933,99783
1702946,96689
170357,2708
17049,22679
17051,22055
170871,83192
171164,83933
171422,2612
171966,81978
172009,81985
1721,2410
1722,2410
17264,2903
17266,6823
1731,2419
17474,87306
1748,2438
17580,5135
1767,2459
17697,26001
17778,22620
1784701,3575
1784777,99824
180702,87954
18132,87518
18133,87518
18156,2907
18157,6310
1818491,99582
1818867,34151
1825,2525
182506,6942
182556,7454
184220,88250
184648,88283
184651,88291
1851,2554
1851226,39936
1851263,33758
1851520,38629
1851620,76191
1851632,77209
185336,7500
18555,5765
1869,2573
1870,2574
188637,16446
188962,6156
1890,2596
189567,5244
189886,81287
190680,12000
190840,6853
1913,2620
191433,5284
19153,2108
19164,2734
19186,6998
192402,6018
192685,7179
192693,7306
193051,81254
1935,2639
193689,32364
19388,2211
1965,2670
1966,2670
1967900,99132
1967918,31716
1968143,99484
1968350,98158
1968375,94322
1968492,91594
1968506,92444
19707,22662
197241,81438
1975,2678
197581,81422
197584,81466
1981769,94293
1981779,75251
1981781,79587
1982,2685
1982037,92683
1982042,95806
1982053,93051
1982059,90831
1983,2686
19842,2270
198502,7451
198535,6139
198951,81530
199247,6202
199504,22257
19982,7350
19983,7351
19985,4136
20026,5621
20034,5003
2004198,2276
2004212,2081
2005,2710
2006,2710
200712,81707
20175,87327
20176,87327
20189,6519
201919,81659
201922,7555
20218,6532
20299,5123
20455,2190
204751,81859
20549,2075
20550,2962
205747,12157
20580,16676
206135,81912
206341,5327
207226,7398
2083,2786
208479,82078
208820,6312
20891,7359
209119,6581
209122,6581
209319,2026
209323,2741
209373,16015
209933,6012
210839,82169
210851,6597
211958,82190
21349,6338
21363,2069
213922,6449
213931,6451
214026,7592
214659,2811
214662,2811
215161,82117
21531,7496
21532,2066
215586,7701
215598,5328
215608,5329
215611,82172
215617,12300
215633,82124
21604,73445
216120,82260
216123,82267
216549,7218
216593,2415
21775,3958
217790,2566
217799,7350
217966,7688
2191,2899
2192,2899
21947,7230
2195,2903
219538,83007
21955,2386
22021,87340
220779,5123
221514,2211
22289,12797
22290,12798
223331,2705
224399,5798
22520,2517
22525,2233
2253,2962
2254,2962
225976,7649
226514,97379
226526,97379
22681,22438
2276598,70391
2276637,77642
2276872,96691
2277140,2473
2277165,2971
2277177,2207
2277196,2668
228627,81232
2287554,6545
2287612,2465
2287636,74220
2287637,75745
229509,82546
229596,82547
229748,82531
229759,82534
23089,87341
23219,5844
23248,5648
2325822,99902
2325836,99600
2325885,6144
2325944,2375
2326036,7141
2326069,2993
23302,7486
23318,7487
2334879,2665
2334895,77021
2334896,77093
2334905,77588
2334907,77616
2334916,77369
2335137,96336
2335213,96609
2335237,2735
2335294,93195
2335300,98943
2335339,2732
2335340,73319
2335341,72905
2335342,71130
2335344,94914
233860,81307
235405,82654
235439,82665
235459,82622
235483,82634
235847,4586
235878,2322
235888,2355
236050,2304
237553,82623
238075,7351
2388687,5726
2388713,2050
2388715,2969
2388741,2257
2388820,99939
2388838,99770
2388847,99494
2388861,93740
2388870,91413
239316,2085
239328,2085
239346,6612
239349,6649
2407862,95872
2407928,99956
2407989,95102
2408081,6493
240940,4200
241536,7405
241539,5460
241603,3925
241991,2056
242022,7408
24248,32364
24251,32367
242922,7567
2430075,78555
2430076,70576
2430077,72387
2430819,76067
243476,22335
243584,22349
243594,2204
24366,6498
243661,2227
244764,2005
24527,6257
246080,7425
24640,5688
246863,2723
246880,2723
24717,5850
248387,22280
24872,12038
24912,6374
249410,82872
250305,81727
25032,12355
25077,6942
251570,2322
2515821,75083
2515822,74493
252173,87452
252234,87135
25269,16510
252849,6685
252862,3083
254876,83179
25491,3550
25513,2032
25515,7032
256739,83116
256950,6253
25751,6656
257739,32152
257834,83230
258415,83253
25924,22328
261014,83531
261017,83531
262243,83638
262246,83643
262252,83643
262261,83643
263004,83746
2635148,5526
2635192,4980
2635228,5837
2635233,5837
2635242,3738
2635304,95685
2635320,95981
2635325,95775
2635339,74475
2635344,77405
263560,83757
263573,83762
263803,32452
26419,84192
2644856,78909
2644863,79074
26473,42302
2672813,79047
2672821,77652
2672822,77465
2672843,74815
2673233,31721
26838,7359
268395,6403
268546,6505
268578,6506
2696678,73175
2696686,73387
2696694,31727
270787,98004
271009,5882
27150,2788
271665,2262
271700,2365
272049,2266
272052,12343
272067,12343
272080,22300
272113,7685
272117,2737
272120,2696
272731,32452
272743,12357
273766,82139
273772,82139
27485,12105
2760,4151
27602,87531
27603,87531
27608,2796
276166,22257
276269,2800
276439,7686
27657,3570
279890,89419
280100,12502
28110,7750
2817071,81501
2817072,76159
28208,22735
282145,86667
283382,99455
28370,82817
28402,22139
2847905,31758
2848015,31761
2848045,77744
2848046,79390
28521,6427
285394,82266
285604,84466
286229,82232
2878265,95663
2878526,96408
2878611,96155
2878738,4647
2878748,4648
2878750,2792
2878781,2329
2878785,95002
2878812,2443
2878821,2354
2878822,7763
2878837,2961
2878850,2744
28811,22350
289256,89426
29110,12418
292034,87508
2922,5042
29242,32410
292433,84003
29244,32412
292596,89471
292715,82772
293194,82164
294776,6556
294779,6340
2962,5106
29719,7557
2974,5123
298638,7597
299029,6690
299055,6694
299065,2560
299122,2726
299436,3577
300131,2393
300808,3690
300827,2198
300846,2180
300858,2153
300870,7709
30144,32417
30148,22320
30272,22095
3033,5408
3034,5408
3037,5421
3042,5475
3042043,98558
3042084,96076
3042345,99004
3042346,96854
3042387,95043
3043,5475
30584,5521
306237,3790
3066181,2534
3066215,70838
3066267,2396
3091,5637
3092,5637
309297,74077
30956,84299
3104,5649
31049,84452
312420,7500
312695,74145
312728,89625
313041,74155
313397,77363
31644,12173
316779,7425
316890,74222
316984,2740
318062,74225
318085,74226
31888,32364
31925,84596
319716,6031
3201,6001
320939,74294
3218,6018
3220500,4261
3222178,77651
3222179,77651
3222371,3315
3222420,4500
3223883,4500
3223884,90007
3223891,3705
3225254,92676
323457,74408
323467,74409
323500,74411
323512,74412
323655,74416
324034,32153
3244222,77130
3244223,71114
3244227,4649
3244487,98955
325466,2369
326380,2072
326598,6091
326747,74480
32715,42334
32777,12085
32860,7500
32862,7500
329065,7713
329995,74538
331238,74558
331275,74559
3316340,99153
3316705,99154
332332,74598
3328553,94905
3330212,90925
3330408,96372
3330413,91393
334171,74646
334392,6504
335527,6697
33580,6671
335819,3814
3361128,95062
3361167,95066
3361246,95069
3361296,76422
3361317,96058
336207,7687
3370324,98038
3370345,95116
3370374,96065
3370392,96066
3370397,98064
3370409,73418
3370413,75532
338407,2523
338519,2901
33861,12002
33862,2345
338734,7203
338837,12679
3388400,77894
3388402,74396
3388403,77858
339019,16018
339098,75009
339649,2718
339773,32155
3406757,2733
34105,22139
342120,74776
342957,76055
343028,76056
34364,32205
34443,2518
3456,6311
345768,76062
345774,16445
34582,4197
346014,76063
34666,4196
348391,7686
3485791,76968
3485802,77567
34981,12905
34990,12324
349999,74996
3508224,77438
3508261,96013
3508474,96067
350915,7500
351112,2410
351393,7450
3514,6369
3527835,96071
3527873,96073
3527882,95136
3527939,96077
3527940,90098
3527964,90102
353081,76073
35329,12507
35420,85284
354334,75039
3551383,95157
3557103,78506
3570531,79478
3570534,31787
3570536,31786
3570545,76757
3570546,76803
3570547,71631
3570551,75527
3570581,31789
35720,16443
35742,16446
3585312,78332
3585313,78320
358700,5552
35936,85391
360610,76079
36202,12094
362433,75207
363413,6895
363448,6192
36345,12103
36357,2800
364187,6591
364193,6620
364273,2051
364276,2062
364279,2062
3646776,70877
365516,75309
366416,6010
366516,5333
366536,5334
366629,77042
36728,6873
367855,4131
367870,6622
367910,2021
367916,7417
368117,12126
368182,2126
368236,77047
368246,2565
368629,12000
368787,4587
369865,6266
37038,26554
370637,6267
370820,2825
371294,76087
37145,16510
37146,6671
37366,85701
373939,2120
373942,2120
374079,12438
374816,75648
374867,22653
374883,22654
37500,16457
37503,32444
375336,77069
375456,76089
37601,85729
3767,6657
376732,77070
376807,75717
376813,76091
376916,77071
377121,75719
377155,6274
377171,75724
378388,75751
37841,16460
37905,7553
381476,77077
3815543,77428
3815584,31805
3815613,99142
3815689,77752
381689,2194
38233,22257
38381,85960
38385,85960
384279,77078
38507,12103
38624,22273
38733,22283
3877,6792
387945,77086
38894,86036
39039,16394
390909,6520
3914911,71126
3914921,99155
391514,2034
391517,6518
391786,6275
3920889,6214
3920917,77971
3920918,77441
3920926,77561
3920927,77331
3920928,77951
3920954,95093
392647,75951
392653,75034
392663,73051
3927,7369
3939,7410
3940,7410
39407,32008
3945,7415
3948,7418
3951,7421
3952,7421
39521,32452
3953,7421
3954,7422
3955,7424
395698,2214
395744,5824
3959,7428
3961,7430
3962,7430
396891,2295
3971,7494
3972,7495
3973,7495
3974,7500
3977,7518
3978,7518
3979,7518
39809,22297
3981,7543
3985,7548
3986,7549
39868,6670
398730,5337
3988,7590
398931,5921
398937,7776
3992170,73684
3992266,90287
3992510,70093
3992513,78523
3992523,73201
3992920,90292
3992980,90306
3993254,74871
3993256,79813
3993257,72735
3993262,70300
3993267,90318
3993427,90325
3993501,90332
3993553,90348
3993868,90393
3994,7600
3994215,99158
3994349,3992
3994774,4501
3994783,2170
3994784,74308
3994795,2170
3994825,2103
3994865,5380
3994883,5370
3994945,71461
3994946,77103
3994949,78142
3994950,77258
3997920,75840
3998,7602
3999435,7921
3999736,99164
3999784,78543
3999800,78543
3999802,75391
3999807,78021
3999811,74934
3999821,73379
39999,22299
40028,7579
400446,73145
400735,5421
400751,7454
400805,29002
401895,8119
40220,7787
40234,22467
4027,7706
4028,7706
4032,7710
4033,7711
4034,7711
4035,7711
404092,7471
404116,7471
405174,7777
405186,7777
4055,7735
4058,7738
4059,7738
4060,7738
40617,7598
4064,7743
4065,7744
406812,5588
4072,7751
4073,7751
40738,32224
4074,7751
40814,5810
408205,7709
4082519,90410
4082525,99199
4082538,99210
4082569,99236
4082698,99257
4082726,99018
4082758,90423
4082770,90424
4082809,78396
4082813,79167
4082818,72607
4082889,99278
4082961,90441
40866,86883
408939,5338
409402,77133
40945,16381
409849,92203
409855,92204
40986,22424
4099586,72497
4099828,90445
4100233,90578
4100256,78586
4100290,90588
4100390,79507
4100391,75273
4100466,2124
4101993,2223
4102071,2843
4102158,78331
4102188,2090
4102291,2107
4102308,2025
4102332,90611
4102346,70380
4102350,75914
4102351,74210
4104245,2027
4104313,2013
4104346,2118
4104455,70812
4104458,77600
4104472,95090
41077,2275
411624,73342
411640,73343
412426,77136
412568,77137
412928,77138
413373,77139
41490,86996
41512,87327
415308,7701
415337,77144
41538,87077
4164260,75432
4164309,74147
4164424,2661
4164455,2029
416509,2035
4165929,2067
4165973,73918
4165980,73651
4165984,77963
4165985,76458
416660,77150
416670,77151
417412,2001
41794,32228
41807,32431
41808,7055
418361,73593
418796,77153
41888,22409
418908,73626
419256,77159
419651,73650
41989,87127
42014,32472
42093,22562
42115,87135
42116,7329
42136,32229
422161,73685
423021,77167
423414,81466
42360,7688
424885,73768
4251082,78317
4251110,77098
4251131,73794
4251138,72138
4251142,77488
425452,6523
42571,16426
42572,6376
42573,6226
426076,6290
426283,6517
426293,6539
4263146,6831
4263216,6251
4263256,7922
4263261,6263
4263276,5496
4263469,94925
4263503,90065
427716,6552
428381,75520
428457,75524
428626,7867
428987,6367
429005,7864
4295751,95153
4295771,95177
429927,7779
430019,6295
430343,77188
430684,75501
43074,87253
4310616,7923
4311027,2814
4311116,90231
4311157,96081
4311225,90331
4311243,96082
4311244,90363
4311254,2059
4311260,90479
43116,87282
431239,6522
431326,2009
43233,12808
432918,6297
432944,7865
432947,7865
433127,77332
4331758,75091
4332153,90668
4332155,2156
4332177,2063
4332212,2183
4332236,2897
433600,6381
433676,2770
4336963,77314
4338869,95187
4338890,95201
4339012,2041
4339042,95204
4339063,96083
4339086,95210
4339142,95212
4339148,96086
4339158,96087
4339163,95214
4339188,99099
434053,2478
434548,6384
434561,5340
434635,5345
434671,4130
435323,7866
43560,32417
43561,32417
43618,5899
4368703,2043
4368775,77372
4368799,90352
4368810,90545
4368839,91167
4368887,72893
4368889,5649
4368890,79582
437032,7781
4379938,31853
438155,5340
43856,7454
438880,7705
43904,22826
439776,2295
439794,2141
439824,6397
440134,77196
440193,77198
440206,77199
44023,87495
4406737,6255
4406843,74930
4406844,71865
4406845,72621
4406847,70467
4406849,76531
4406922,71164
4407580,99103
440854,6302
440891,72093
440907,72094
441072,72098
441650,2568
441755,7404
442730,2560
44298,87359
443171,7688
443177,7688
443257,76115
444874,73314
44568,6702
44603,87661
4463227,95235
4463482,72531
4463503,72876
4463504,82519
4463550,96097
448100,77216
448123,77217
448149,77218
4481907,70354
4481917,71274
4481922,78897
4481925,78575
4489,6823
44955,7436
44979,6231
45055,87799
45112,87842
45151,87843
45309,7372
4545081,79456
4545082,76736
4545492,79779
4545501,79188
4545502,79433
4545536,96100
4545546,96101
45493,87886
45653,32253
45683,87914
45700,2015
45764,22817
4586229,79149
4586250,78256
45922,7450
4602,2710
4603,6083
4608,6996
4609,6996
4620287,78454
4620295,77472
46461,87987
46765,88070
46908,5585
47017,2259
47094,88082
47166,22803
47354,22951
47567,87359
47568,87359
47570,87359
47739,5447
47888,22973
47905,2882
48017,22981
48020,6512
48044,88285
48130,88350
48182,7555
48209,5283
48235,6400
48237,6419
48486,2099
48516,22989
48783,88423
48822,6382
488660,77219
48894,22996
48960,5657
490459,77221
491108,77238
491967,2910
49218,88474
4923431,78903
49241,16011
492727,2058
49310,6139
49396,6587
494037,77248
494169,77249
494223,77250
494254,77251
494257,77252
49521,29002
49634,28002
4970,6110
497350,3204
497484,77255
49753,23050
497594,77256
4979,6226
498959,72891
49915,7395
500147,72101
501111,72322
50120,32130
501899,6521
501905,6551
50194,27004
502157,2188
50253,27003
503391,2129
503394,2129
503399,2129
5034614,71153
5034615,76724
503865,77270
503868,77271
50419,88591
504221,77274
504488,77279
504515,3023
504633,2145
505034,72465
50513,6512
507128,2167
507546,3300
507852,2836
507880,7870
507901,7871
508151,7720
508157,7720
509335,72388
509382,2769
50947,23072
509516,77288
5095733,72459
509629,77289
510331,2820
510557,7713
51073,4567
5107592,72431
5107598,71912
5107770,72569
5107771,73394
51335,7649
515259,77291
51540,32145
516810,77295
518144,2130
51928,88833
519657,2196
520029,2052
520139,2053
52128,15558
52140,28008
522168,77299
52245,88876
523054,72185
523501,72191
5245720,72832
5245724,77212
5245725,73538
5245726,73886
5245731,76366
5245732,77460
5246280,78684
5246284,77845
5246285,78768
524926,72515
52511,6607
52547,6577
526292,77304
52741,2619
52764,4153
5291675,31924
529430,77316
529635,77320
529723,72119
5304905,31922
5305747,79565
5305748,73584
5305749,71815
5305750,73220
5310917,90453
5310943,90560
5311182,90645
5311410,72286
5311416,77010
5311420,75073
53217,88943
53218,88944
53220,88946
53269,88958
53273,88959
53277,7143
533701,77324
533706,77325
5345337,75063
5345338,76074
5345340,75345
53466,88978
53475,88981
535035,77333
535086,7755
53604,89041
536753,2386
536993,77348
5372182,71174
5372183,72289
5372184,71612
5372185,74068
5372189,74595
537258,6586
537269,6527
537282,2079
537322,6265
537338,6315
537641,77355
538416,71647
53900,88946
53903,88946
540185,5461
540432,71693
540658,6470
541765,71832
541878,71904
54202,4592
542416,71928
542791,77373
543289,7732
543435,2324
543638,6040
543712,5557
543767,7873
544154,6474
545091,12379
545199,7603
545896,6723
546717,71947
548456,2097
548499,2097
5498182,76944
5498565,77328
5498576,77668
5498577,77609
5498581,70945
550082,77383
550650,82961
551318,6200
552213,7877
552225,6605
552238,2846
552272,7878
552278,7879
552297,6603
552354,2148
555564,70201
5555733,77447
5555734,77448
5555735,72402
5555737,77490
5556177,79323
5571012,77445
5571013,77446
5571131,70387
557300,77361
557310,77362
558410,77390
558421,77391
558474,77138
558737,77397
558751,77399
559874,7372
560120,22139
560124,6702
560216,71851
560271,7598
560656,2358
560688,5562
5620857,99080
5622709,90019
563688,77410
5643212,99022
5643235,94028
5643257,95092
5643288,90092
5643389,96103
5643399,90367
564842,77416
564845,77417
564861,77189
565094,6237
5653610,95257
5653622,72742
5653625,74289
5653628,78171
5653630,90373
5653780,90485
5653865,90597
5654097,91143
5654158,91202
568229,7723
571659,70448
572596,70486
572680,6597
5737353,2137
5737566,2093
5737636,77556
574728,2309
5762736,73931
5762737,72002
5764227,96359
5764233,95589
5764244,94031
5764276,90063
576640,77436
577179,70507
577491,77439
578000,70540
578442,70376
578473,70102
5784860,96011
5784903,95258
5785017,96038
578706,70617
579549,5352
579556,5353
579592,77440
579940,77443
581234,70745
582040,77452
582269,77457
5831895,94142
5832022,95114
583258,6146
5833617,90440
5833632,95263
5833777,3994
5833823,12076
583801,6485
584124,5354
584259,2352
584488,77464
585148,6600
585154,7639
585568,2222
585914,6711
585940,6803
586515,6254
586603,6282
586923,7721
587579,2086
587652,7885
587665,6707
588579,87341
590704,70015
590969,2281
591265,77481
593903,77482
593915,70401
594585,77483
594591,77484
594607,77485
5948187,75255
596655,70983
597060,12379
597264,70887
598718,6307
599131,7628
600440,70696
601205,6262
601657,5328
601796,70607
6027379,7704
6027476,3930
6027481,2220
603313,70081
603708,70637
604602,77503
6050978,70773
6051066,71881
6051079,70977
6053146,74537
609136,2730
609142,7719
611664,75068
6116729,99144
6116864,72824
612742,77514
612859,75268
612965,75972
6145366,82808
6145382,71578
6160222,95280
6160848,73707
616786,2700
616803,7784
616829,77519
616992,77521
617034,77522
617348,75253
619055,2014
619836,5361
619839,5362
620906,6595
621268,6851
621276,22337
622412,71149
622647,75666
622820,77532
623069,6680
6234761,75449
623562,6321
623680,7887
623972,77534
623986,75926
624472,2073
624794,77537
624849,77545
624858,77546
625186,2323
626004,77557
626077,72326
626155,75708
626234,2185
6284,6942
629177,2745
629207,2752
6297,7046
629756,77560
629924,6346
6303,7055
630811,2861
631019,5470
631120,2267
6314100,77583
631769,5364
632413,2716
6333516,77233
6333534,90051
634103,7749
634136,74538
634253,2144
634423,7889
634638,77563
6347,6998
635382,2690
636156,7753
6367,6997
639041,7758
639124,2241
639521,2078
639540,7890
639563,7891
641894,2133
6423119,90144
6423577,70320
6423579,75019
6423631,90649
6423645,90665
642778,77576
642943,16434
642958,77578
643240,7782
643525,2066
643702,74483
643975,6550
6441897,90489
6442125,95175
6442334,95294
6442416,95309
6442421,95311
645586,2353
647306,7403
647315,75642
647322,75325
647564,74957
647613,74944
648382,7536
648884,77595
649012,77597
650818,6355
650825,5822
651951,7758
654442,477036
655963,77611
656536,77613
656627,74536
656950,74048
6576185,99049
6576516,99115
6576585,72951
6576607,70318
6576608,71028
6576610,73380
657929,74884
658234,77622
659084,77625
659153,6804
659175,2392
659278,3302
6598935,91156
6598957,91164
660710,74710
660818,74755
661332,2609
661584,77627
662989,77630
663453,73635
663624,77633
663752,77304
664108,2357
664437,77645
665755,77650
666522,2815
667057,77660
667761,73034
668710,95151
668757,95198
670000,6131
670404,2016
670885,2260
671577,6714
671902,73829
672136,73046
672245,5368
672576,2150
672912,77663
673088,7895
673234,73142
673390,2360
673602,77673
674020,77675
674370,3023
674379,7737
674397,4350
674657,77678
675022,5369
675392,6003
675466,6708
676595,74756
676626,87327
676767,6533
676892,2398
676979,5564
677037,22826
677882,5352
677903,22335
677916,16018
678420,3204
679065,77086
679702,6261
679753,77683
679766,2147
679792,77685
6814796,77293
683575,73479
684300,77696
685381,77086
685593,6572
685850,74587
686849,2693
687227,99480
688241,72915
688638,72371
6887098,71892
6887099,76210
6887139,78773
6887140,78773
6887141,78773
6887177,76244
6887286,79546
6891261,72029
689906,77729
689909,77730
689929,77731
690181,7546
690224,77733
691019,72516
691750,7601
694305,77735
694308,77736
694471,77739
694474,77740
697035,2480
697283,2701
697317,2739
698905,72637
699467,75316
699473,7507
699739,72728
699767,77760
700030,73574
700449,72074
700501,77764
700552,77766
700993,76250
701002,72045
701589,71291
702117,77767
702149,72617
702224,7422
703231,71249
705397,77781
705736,70274
706521,76273
706524,76274
706953,6314
707159,6537
707217,71798
707297,6628
707851,6544
708171,75670
708195,75445
7084143,94816
7084150,97021
7084198,95327
7084203,90112
708548,7708
708870,71869
710549,77793
710628,6344
710862,2042
711109,2949
7116,5135
711651,2292
711771,77795
712833,2316
7134001,95330
7134012,95330
7134080,75813
7134377,96098
713614,2717
7137939,96110
7137967,96111
7139832,77555
714108,2151
714764,2291
714846,2238
715078,77797
716171,70275
716246,77807
716273,77808
716289,77809
716394,77810
716400,77811
7167,3223
717129,7407
717954,70684
718007,79054
718042,77813
718053,77815
718105,76289
718192,79069
718217,2109
718234,3147
718246,5354
718298,7897
719625,2348
7204506,77818
7204507,82236
7204510,77654
7204516,70474
7204517,72765
7209,7126
7216,7451
721640,77820
721643,77260
7221,7125
722411,2333
723547,7898
7237330,72669
7237337,71055
7237338,75741
7237347,32538
724250,77822
724293,77823
724299,77824
724425,77825
724537,79104
724566,77826
724689,2109
726065,90734
726261,79121
7266851,32551
728854,2326
728914,7719
729894,77835
730453,77836
731246,7676
731252,7742
731307,4318
731322,4597
731565,2114
731618,2847
732161,74990
732280,76293
732368,74691
732377,71663
732384,71972
732387,77840
732401,76295
732446,76296
732455,71977
732473,76301
732476,76302
732479,76303
7325,7462
732508,7696
732511,7593
732519,7594
732675,7684
732746,72722
733087,74570
7331,7463
733227,2813
733273,77852
733409,77853
733426,77854
734023,6598
7345,7185
734533,71477
734562,79168
734652,77860
734918,7547
735036,6348
735378,2049
735599,7714
735786,2028
735889,6715
736109,4124
736427,5607
736640,2731
736757,73902
737335,77648
737780,2384
7377861,70700
7377893,74449
7377894,77777
7378057,99133
7378265,99161
7378417,91231
7378418,91258
7378632,91268
737867,74915
7379006,32634
739077,7722
739117,74900
739122,74661
739325,77863
739341,77304
739366,77864
739437,77867
739458,77869
739518,77872
739820,77875
739853,77876
740007,79220
740251,79234
740408,477040
740430,71330
740646,77877
740676,75184
740724,82901
740755,79244
740761,7419
740764,76308
740813,79246
741316,71873
741396,77380
741406,77492
741508,77593
741606,77494
741668,70144
741792,2117
741805,5372
741832,77380
742604,4029
742663,6260
7428158,79943
742846,5374
742891,5375
7433,7469
7434,7469
743464,74659
744232,79271
7442860,72654
7442863,72908
7442864,72421
7442886,71244
744400,77277
744629,72734
744663,77502
744771,77381
744790,77649
744817,70988
744840,7526
744909,77883
745075,77884
745088,85980
745160,77413
745169,77412
7453,7496
745323,77508
745326,77518
745335,77206
745401,72174
745483,77885
746142,77889
747440,77893
747916,79393
747921,79394
748198,77560
748201,77560
748208,77895
748214,77896
749329,77899
7494,5901
749677,4151
749680,4151
750652,73540
7528392,32639
753007,77900
753038,82069
754492,7898
754700,77903
755201,77905
7555379,77943
7555381,76688
7555382,70658
755552,77907
7555790,95421
7556011,92030
7556083,96117
755955,6339
756309,77909
756514,77911
757970,2159
758087,2105
758183,2119
758186,6573
758376,6420
758391,6471
759276,2406
760106,2866
760219,2567
7609,2011
760906,79532
761358,77913
761462,79551
761502,70856
762157,71926
7635399,79600
7635444,77182
7635445,77449
7640668,75142
764184,2922
764759,79632
766211,79635
767734,5383
7682136,94002
7682186,99267
768221,77926
768266,77927
768269,77928
768546,76326
768976,77929
769211,79665
769820,77931
769829,77931
769835,77931
769840,77932
769847,77932
770102,70325
770181,70619
770250,77934
770420,73060
770540,77938
770563,77939
770678,79687
770836,76328
771157,79701
771560,79720
771587,77942
771736,77260
771746,77260
771759,77948
774136,77949
774322,2125
774796,74503
775922,2045
776291,2083
776431,2000
777019,79836
777287,7726
777709,3040
777770,3097
778043,79869
778266,79876
778375,7734
778384,7725
778390,6447
778804,3122
779409,3157
779863,7901
779881,6090
780838,71848
781395,79925
781408,2147
782781,79981
782834,7700
783144,79289
783740,72458
783804,72774
783814,72913
783830,72933
783842,72792
783845,72033
7842,6935
784824,72172
784948,72474
785206,72863
785397,70065
785421,70593
785439,70526
786122,2428
786139,73308
7880,2404
788116,70503
7885,2337
792931,76333
793370,79075
793373,5354
793567,70046
793798,75416
793985,70626
794041,77967
794061,74659
794122,77970
794834,73501
795110,72548
795182,77976
795185,77977
796970,77979
7970,7518
797305,74277
797790,74345
797796,74389
797973,74428
797982,74618
798037,74716
798050,74787
798157,70882
798166,77984
7983293,73404
7983294,72399
7983300,77910
799012,70476
7995,2659
800018,76367
8004209,97027
8004248,97028
8004254,95385
800520,76385
800696,76394
801033,77990
801040,6473
801049,76396
801070,2061
8014,7623
8015,7564
8016,7564
8017,5500
802061,77991
802067,77992
802245,76431
802328,6006
802460,77996
802474,6276
802490,6276
802654,77998
803134,77020
803738,77000
804495,6349
806514,6298
806947,6029
807231,6380
807497,2469
807922,76480
808018,87454
808037,7597
808064,7597
808351,77711
808578,2812
808596,4623
809854,76680
809867,77719
8110241,78045
8110246,78815
811480,77076
811791,77085
811803,77013
811806,77014
811846,2154
812448,7904
812451,23071
812454,2479
812457,2402
8174,2780
818024,71388
818124,77039
818414,71974
819196,72720
819205,72526
819332,72843
819341,76777
819350,76778
819386,77089
820156,77111
820278,6403
8229610,77623
8229612,77935
8229613,77982
8229614,77986
823006,2389
823070,77045
8231323,32648
8231874,78159
8231876,79157
8231877,74571
824504,76809
825084,72350
825418,77049
825656,77050
825755,71002
826347,75683
826657,4624
827081,77175
827297,2748
828271,6231
828540,2267
828708,5391
828711,5392
829596,77059
829742,6832
830942,22013
831148,2135
831340,76849
831347,12094
831350,70573
831407,2414
831870,77125
831980,77126
832000,77127
832201,6292
832217,6292
832425,3024
832453,77072
832499,6346
832594,77715
832801,2391
832936,75008
832939,75008
833565,72111
834002,74879
834042,74087
834103,16457
834147,2645
834259,72583
834688,77038
835008,77710
835071,77225
835074,77709
835415,7905
839109,70453
839586,77770
839633,2091
839777,8362
8399,2811
839996,3128
840128,77223
840613,77152
840719,77359
841198,72221
8412,7735
841213,76939
841284,77232
841314,77236
842231,73966
842295,7555
842305,77297
842322,77261
842826,70216
842975,70522
843033,2208
843148,73186
8432926,70451
8432929,75372
843433,77329
843472,75560
843561,77148
843586,77177
8458452,99100
8458478,99326
848708,22346
848734,6240
849427,77201
850107,76998
850140,10682
850885,77262
8516020,91243
8516085,92107
8516118,74481
8516119,72422
8516120,74733
8516122,70634
8516123,74024
8516130,78058
8516228,92113
851672,72534
852260,74312
852266,74312
852433,6446
852514,78038
852692,72972
852818,80419
852824,77265
852834,81401
852940,81603
853057,78065
853078,77213
8546526,77757
8546544,72493
854788,7610
855427,5222
855484,4320
856524,70309
856573,77131
856818,2208
856893,5395
857264,73362
857333,12330
857382,4628
857419,77190
857512,12380
857584,74376
857590,74322
857626,74280
857738,74667
858231,78141
858908,77227
858914,77228
858923,77229
858935,77242
859216,77408
859266,77080
859322,78175
859372,77204
859434,78182
859481,78183
859487,77718
859510,77083
859605,77202
859662,77203
859683,7879
859800,77092
860346,77113
8604358,76247
8604359,76990
8604360,76823
860482,77284
860554,77095
860575,77520
860670,78204
8607,6253
860934,2680
8623835,79590
8623844,79215
862417,78236
8624204,76455
8624244,78668
8624272,72068
8624273,79921
8624282,77562
8624290,79696
8624292,77968
863226,71786
863963,77169
863997,77115
864072,77240
864567,2863
865047,77023
865053,77577
865059,77491
865068,77574
865202,77253
865576,3198
865623,75113
865642,75114
866072,74353
866390,77185
8672823,78664
868277,78286
868606,77988
868626,77385
868652,77434
868675,77143
868834,73465
869029,3004
869247,73821
869770,78302
871232,7474
871482,70384
872069,78304
872075,3027
872511,70215
873095,70699
873502,74548
873511,7906
873677,7907
874072,3031
874273,76624
874344,74772
874444,3034
874992,76625
875011,74310
876272,77480
876294,77580
876841,77176
877515,77604
878401,78366
878410,77430
878984,6581
879324,12357
879935,70765
879938,76680
879941,70631
879947,70645
883526,77708
884325,74299
884546,77750
884557,71075
884639,75600
885040,75834
885043,75347
8859177,76901
8859178,77540
8859187,79888
886579,4632
886817,77017
887115,71169
887166,71163
887738,70303
887839,70227
887859,70998
887862,70981
888056,75712
888358,77510
888375,77094
888409,77646
888992,77638
890268,77477
890652,77240
890664,6008
891152,75421
891225,78498
891467,77157
891748,6307
892174,77037
892257,72745
892338,72977
8927,7738
892998,78560
894884,77305
895118,77308
895149,77309
895211,77335
895226,70100
8952612,70797
8952817,73315
895298,77360
895423,70128
895766,30103
896682,77427
897125,70754
897803,76523
898303,77357
898306,77371
898388,96024
898454,77676
898477,77118
898669,77498
899087,76649
899181,11611
900906,77575
901486,78687
901504,81603
901672,2412
902482,77489
902534,78722
903616,2849
903619,2149
904937,16022
905179,6311
905334,77259
905339,6250
905370,6271
905397,6466
9054362,78954
9054367,79654
905928,6578
906810,2157
907056,2362
907066,2413
907157,12658
907217,6313
907265,6024
907630,2416
908129,7475
908218,78767
908549,77395
908563,77395
908750,87661
909091,8365
909166,77429
909206,6813
909373,77476
909723,97044
909981,92176
910640,77694
911124,77311
9116469,74636
9116607,78478
9116608,79793
911918,77435
912041,77186
912051,75158
912845,77655
912848,77368
912851,78851
9137497,76902
9137499,72838
9137629,71227
9137634,77058
913939,77087
913949,77091
915067,77804
916219,77183
916327,77607
916389,77785
916392,77689
916419,77121
916468,77172
916471,77344
916477,77346
916887,77600
916909,77102
917131,77122
9186512,95068
9186969,73524
9188464,90056
9188469,90057
9188474,90104
9188479,90114
919955,75181
920226,77344
920235,75350
921372,77124
921419,77174
921731,77285
921991,78884
921995,78885
923566,77290
924428,6710
924621,77342
927041,6467
927816,77347
928063,2312
928785,2950
928953,3313
929730,76510
930478,72401
931180,77721
931186,78951
931241,78952
931728,78963
931737,78964
931772,78965
931821,78967
931881,78969
931953,78980
932531,72171
9330370,95425
9330454,95426
933419,72153
933428,4633
933909,77598
933928,72342
933938,2420
9349,7567
935027,3025
936583,2121
936935,2421
936962,2936
936971,2425
937881,77602
937887,77602
937898,77661
9380737,73817
9380745,73845
9380746,75315
939394,77300
939397,71265
939516,2230
939771,2252
939777,30269
940071,76594
940262,70563
940364,2274
940560,7911
940841,76603
940847,76640
941287,77035
941437,76570
942413,77065
942422,70297
942581,2284
9437966,74616
9437972,70145
9437973,71135
944564,2179
945167,75542
945977,70710
947630,6557
949073,75015
949713,76046
950591,77732
950595,77205
951031,75212
951547,75182
9516388,72151
9516389,71296
9516390,76622
9516391,71252
9516406,71588
951678,72609
951724,75416
952421,73872
952426,78900
952441,77134
952444,77500
952447,77772
952659,77617
952668,77878
953182,77727
953271,77712
953638,77025
9547206,78616
9547220,75634
954899,74390
9555927,75115
9555928,79436
9555958,78256
955634,72601
955806,77558
9560,87518
9561,87518
957471,72038
958205,2087
958883,6935
958893,2064
959572,77803
959745,76060
959759,72076
959815,72537
960353,71628
960414,71964
960443,74959
961609,71178
961750,77975
961756,77914
961759,77426
961765,77211
961881,77775
961884,77745
962111,77370
962206,77749
962282,70297
962691,72572
963317,2845
963327,2382
963476,77431
963522,77471
963728,77919
963741,77921
963756,73767
964507,77922
964511,77513
964522,77798
964569,2880
964577,6206
964592,6320
966134,77478
966137,77634
966285,77287
966332,77958
966527,2850
967020,2293
967056,77326
967074,77146
967086,77147
967089,72037
967193,77149
967227,77868
967389,77535
967413,77628
967422,2294
967425,77628
967431,2297
967452,2411
967560,76065
967888,77786
967983,77454
968735,73604
968832,71697
968981,75764
969002,76100
9692,2099
969204,74017
969426,75049
9696,2020
969768,77933
969774,77737
969792,73848
969970,77319
970272,77321
970373,76164
971402,74631
971412,73917
971875,2941
973112,2395
973131,2255
973134,2263
973327,2265
973330,2272
9736524,77128
9736525,71283
9738346,71321
9738347,70989
975223,77388
975668,12356
975717,6207
976473,6718
976493,6814
976517,2327
978584,77377
978737,77378
978763,5347
978958,71159
979026,5565
979045,6529
979070,77624
979129,5566
979156,77789
980190,77985
980736,77393
980787,3100
980800,79088
980818,2945
9808815,75511
9808816,73508
9808819,71268
981774,5483
981795,70781
981798,5484
982188,2287
982925,2714
983653,2959
984056,6030
985250,77422
987194,4635
989212,74944
989215,77268
989576,77275
989625,76150
990260,77226
990621,6221
991120,72115
991510,77523
991558,77656
991591,77658
991606,75547
991621,77298
991633,77687
991698,77496
991839,77032
992055,72805
992180,74201
9924,6045
992412,77140
9925,6045
992649,77796
992671,7740
992749,7875
993066,90167
993085,72890
993602,2328
994108,2330
994118,2330
994151,2313
994573,99357
995844,72445
995976,77015
997867,76230
998116,77994
998287,77170
999510,77990
999628,77234
999878,77640
999951,77641
999983,82190
